{
    "mean_f1_macro": 0.983226351718253,
    "std_f1_macro": 0.0006818616569768501,
    "fold_details": [
        {
            "fold": 1,
            "accuracy": 0.9833491012298959,
            "f1_macro": 0.9832926466373637
        },
        {
            "fold": 2,
            "accuracy": 0.9839152237676223,
            "f1_macro": 0.9838726445114282
        },
        {
            "fold": 3,
            "accuracy": 0.9825905951367206,
            "f1_macro": 0.9825137640059675
        }
    ]
}