{
    "RandomForest": 0.9936803770785377,
    "XGBoost": 0.9929161486896326,
    "SVM": 0.9924851045106772,
    "Ensemble_Soft": 0.9949284688351713,
    "Ensemble_Weighted": 0.9945603301308507
}