{
    "RandomForest": 0.9548220128821346,
    "XGBoost": 0.9816390354496428,
    "SVM": 0.988324407713967,
    "Ensemble_Soft": 0.9833178703133324,
    "Ensemble_Weighted": 0.9866308804274627
}